name,url,feeds_id,feed_type,media_id
Achenblog,http://blog.washingtonpost.com/achenblog/index.xml,261,syndicated,2
Early Warning,http://blog.washingtonpost.com/earlywarning/index.xml,262,syndicated,2
Newsweek Technology & Science,http://feeds.newsweek.com/newsweek/TechnologyScience,271,syndicated,2
Newsweek Top News,http://feeds.newsweek.com/newsweek/TopNews,272,syndicated,2
Newsweek World News,http://feeds.newsweek.com/newsweek/WorldNews,273,syndicated,2
Security Fix,http://blog.washingtonpost.com/securityfix/index.xml,274,syndicated,2
The Fix,http://blog.washingtonpost.com/thefix/index.xml,275,syndicated,2
washingtonpost.com - ,http://www.washingtonpost.com/wp-dyn/rss/linkset/2005/03/25/LI2005032501837.xml,276,syndicated,2
washingtonpost.com - Column by Michael Lee,http://feeds.washingtonpost.com/wp-dyn/rss/linkset/2005/11/29/LI2005112900615_xml,277,syndicated,2
washingtonpost.com - ,http://www.washingtonpost.com/wp-dyn/rss/linkset/2005/03/24/LI2005032402809.xml,278,syndicated,2
washingtonpost.com - ,http://www.washingtonpost.com/wp-dyn/rss/linkset/2005/03/25/LI2005032502593.xml,279,syndicated,2
washingtonpost.com - Car Care Column,http://feeds.washingtonpost.com/wp-dyn/rss/linkset/2005/03/24/LI2005032400129_xml,280,syndicated,2
washingtonpost.com - Column of Warren Brown,http://feeds.washingtonpost.com/wp-dyn/rss/linkset/2005/03/24/LI2005032400125_xml,281,syndicated,2
"washingtonpost.com - The Nation's Housing, Column by Kenneth Harney",http://feeds.washingtonpost.com/wp-dyn/rss/linkset/2005/03/24/LI2005032400436_xml,282,syndicated,2
washingtonpost.com - ,http://www.washingtonpost.com/wp-dyn/rss/linkset/2005/03/28/LI2005032800573.xml,283,syndicated,2
washingtonpost.com - ,http://www.washingtonpost.com/wp-dyn/rss/linkset/2005/04/18/LI2005041801007.xml,284,syndicated,2
washingtonpost.com - ,http://feeds.washingtonpost.com/wp-dyn/rss/linkset/2005/03/24/LI2005032400534_xml,285,syndicated,2
washingtonpost.com - ,http://www.washingtonpost.com/wp-dyn/rss/linkset/2005/03/24/LI2005032402470.xml,286,syndicated,2
washingtonpost.com - ,http://www.washingtonpost.com/wp-dyn/rss/linkset/2005/03/25/LI2005032500698.xml,287,syndicated,2
"washingtonpost.com - Career Track, Column of Mary Ellen Slayter",http://feeds.washingtonpost.com/wp-dyn/rss/linkset/2005/03/24/LI2005032400548_xml,288,syndicated,2
washingtonpost.com - Business,http://feeds.washingtonpost.com/wp-dyn/rss/linkset/2005/03/28/LI2005032800718_xml,289,syndicated,2
washingtonpost.com - Names&Faces Column,http://feeds.washingtonpost.com/wp-dyn/rss/linkset/2005/03/25/LI2005032502344_xml,290,syndicated,2
washingtonpost.com - Health,http://feeds.washingtonpost.com/wp-dyn/rss/linkset/2005/03/25/LI2005032500785_xml,291,syndicated,2
washingtonpost.com - ,http://www.washingtonpost.com/wp-dyn/rss/linkset/2005/04/18/LI2005041800997.xml,292,syndicated,2
washingtonpost.com - ,http://www.washingtonpost.com/wp-dyn/rss/linkset/2005/04/11/LI2005041100380.xml,293,syndicated,2
washingtonpost.com - A Cook's Garden by Barbara Damrosch,http://www.washingtonpost.com/wp-dyn/rss/linkset/2005/03/25/LI2005032500644.xml,294,syndicated,2
washingtonpost.com - A Section,http://asection.washingtonpost.com/wp-dyn/rss/print/asection/new/index.xml,295,syndicated,2
washingtonpost.com - Africa,http://feeds.washingtonpost.com/wp-dyn/rss/world/africa/index_xml,296,syndicated,2
washingtonpost.com - Al Kamen's In The Loop Column,http://www.washingtonpost.com/wp-dyn/rss/linkset/2005/03/24/LI2005032402404.xml,297,syndicated,2
washingtonpost.com - Anne Applebaum (washingtonpost.com),http://www.washingtonpost.com/wp-dyn/rss/linkset/2005/03/24/LI2005032401432.xml,298,syndicated,2
washingtonpost.com - Apartment Advisor by Sara Gebhardt,http://feeds.washingtonpost.com/wp-dyn/rss/linkset/2005/03/28/LI2005032800583_xml,299,syndicated,2
washingtonpost.com - Asia/Pacific,http://feeds.washingtonpost.com/wp-dyn/rss/world/asia/index_xml,300,syndicated,2
washingtonpost.com - Bush Administration,http://feeds.washingtonpost.com/wp-dyn/rss/politics/administration/index_xml,301,syndicated,2
washingtonpost.com - Business,http://feeds.washingtonpost.com/wp-dyn/rss/business/index_xml,302,syndicated,2
washingtonpost.com - Business Class -- The Washington Post's Keith L. Alexander on Business Travel,http://feeds.washingtonpost.com/wp-dyn/rss/linkset/2005/03/24/LI2005032400543_xml,303,syndicated,2
washingtonpost.com - Business Policy,http://feeds.washingtonpost.com/wp-dyn/rss/business/government/index_xml,304,syndicated,2
washingtonpost.com - Business and Economy Commentary from The Washington Post's Steven Pearlstein (washingtonpost.com),http://feeds.washingtonpost.com/wp-dyn/rss/linkset/2005/03/24/LI2005032400138_xml,305,syndicated,2
washingtonpost.com - Capitals,http://feeds.washingtonpost.com/wp-dyn/rss/sports/capitals/index_xml,306,syndicated,2
washingtonpost.com - Career Track Live Discussions (washingtonpost.com),http://feeds.washingtonpost.com/wp-dyn/rss/linkset/2005/03/24/LI2005032401731_xml,307,syndicated,2
washingtonpost.com - Central America,http://feeds.washingtonpost.com/wp-dyn/rss/world/centralamerica/index_xml,308,syndicated,2
washingtonpost.com - Charles Krauthammer -- Washington Post Opinion Columnist (washingtonpost.com),http://feeds.washingtonpost.com/wp-dyn/rss/linkset/2005/03/24/LI2005032401690_xml,309,syndicated,2
washingtonpost.com - Colbert I. King (washingtonpost.com),http://feeds.washingtonpost.com/wp-dyn/rss/linkset/2005/03/24/LI2005032401680_xml,310,syndicated,2
washingtonpost.com - Colleges,http://feeds.washingtonpost.com/wp-dyn/rss/sports/colleges/index_xml,311,syndicated,2
"washingtonpost.com - Courts, Judiciary",http://www.washingtonpost.com/wp-dyn/rss/linkset/2005/03/24/LI2005032400132.xml,312,syndicated,2
washingtonpost.com - D.C. United,http://feeds.washingtonpost.com/wp-dyn/rss/sports/dcunited/index_xml,313,syndicated,2
washingtonpost.com - DC Living,http://feeds.washingtonpost.com/wp-dyn/rss/realestate/dcarealiving/index_xml,314,syndicated,2
washingtonpost.com - David Ignatius -- Washington Post Columnist (washingtonpost.com),http://www.washingtonpost.com/wp-dyn/rss/linkset/2005/03/24/LI2005032401639.xml,315,syndicated,2
washingtonpost.com - David S. Broder -- Washington Post Politics Writer,http://www.washingtonpost.com/wp-dyn/rss/linkset/2005/03/24/LI2005032401502.xml,316,syndicated,2
washingtonpost.com - Deals -- Allan Sloan on Wall Street and Investing (washingtonpost.com),http://www.washingtonpost.com/wp-dyn/rss/linkset/2005/03/24/LI2005032400329.xml,317,syndicated,2
washingtonpost.com - Deborah Howell - Ombudsman ,http://feeds.washingtonpost.com/wp-dyn/rss/linkset/2005/03/25/LI2005032500838_xml,318,syndicated,2
washingtonpost.com - Dining: Tom Sietsema,http://feeds.washingtonpost.com/wp-dyn/rss/linkset/2005/03/25/LI2005032502493_xml,319,syndicated,2
washingtonpost.com - E.J. Dionne Jr. -- Washington Post Opinion Writer (washingtonpost.com),http://www.washingtonpost.com/wp-dyn/rss/linkset/2005/04/22/LI2005042201099.xml,320,syndicated,2
washingtonpost.com - Editorials,http://www.washingtonpost.com/wp-dyn/rss/linkset/2005/05/30/LI2005053000331.xml,321,syndicated,2
washingtonpost.com - Education,http://feeds.washingtonpost.com/wp-dyn/rss/education/index_xml,322,syndicated,2
washingtonpost.com - Elections,http://feeds.washingtonpost.com/wp-dyn/rss/politics/elections/index_xml,323,syndicated,2
washingtonpost.com - Eugene Robinson -- Washington Post Columnist (washingtonpost.com),http://www.washingtonpost.com/wp-dyn/rss/linkset/2005/03/24/LI2005032402899.xml,324,syndicated,2
washingtonpost.com - Europe,http://feeds.washingtonpost.com/wp-dyn/rss/world/europe/index_xml,325,syndicated,2
washingtonpost.com - Food and Dining,http://feeds.washingtonpost.com/wp-dyn/rss/artsandliving/foodanddining/index_xml,326,syndicated,2
washingtonpost.com - Football,http://feeds.washingtonpost.com/wp-dyn/rss/sports/colleges/football/index_xml,327,syndicated,2
washingtonpost.com - Fred Hiatt (washingtonpost.com),http://feeds.washingtonpost.com/wp-dyn/rss/linkset/2005/03/24/LI2005032401615_xml,328,syndicated,2
washingtonpost.com - George F. Will -- Washington Post Opinion Writer (washingtonpost.com),http://www.washingtonpost.com/wp-dyn/rss/linkset/2005/03/24/LI2005032402294.xml,329,syndicated,2
washingtonpost.com - Green Scene by Joel Lerner,http://feeds.washingtonpost.com/wp-dyn/rss/linkset/2005/03/25/LI2005032500646_xml,330,syndicated,2
washingtonpost.com - Harold Meyerson -- Washington Post Opinion Writer (washingtonpost.com),http://www.washingtonpost.com/wp-dyn/rss/linkset/2005/03/25/LI2005032500977.xml,331,syndicated,2
washingtonpost.com - Health,http://feeds.washingtonpost.com/wp-dyn/rss/health/index_xml,332,syndicated,2
washingtonpost.com - Help File -- The Washington Post's Rob Pegoraro Answers Personal Computing Questions (washingtonpost.com),http://www.washingtonpost.com/wp-dyn/rss/linkset/2005/03/25/LI2005032502645.xml,333,syndicated,2
washingtonpost.com - High Schools,http://feeds.washingtonpost.com/wp-dyn/rss/sports/highschools/index_xml,334,syndicated,2
washingtonpost.com - Hints From Heloise,http://www.washingtonpost.com/wp-dyn/rss/linkset/2005/03/28/LI2005032800586.xml,335,syndicated,2
washingtonpost.com - Homeland Security,http://feeds.washingtonpost.com/wp-dyn/rss/linkset/2005/03/24/LI2005032400139_xml,336,syndicated,2
washingtonpost.com - Housing Counsel (washingtonpost.com),http://feeds.washingtonpost.com/wp-dyn/rss/linkset/2005/03/24/LI2005032400517_xml,337,syndicated,2
washingtonpost.com - Howard Kurtz (washingtonpost.com),http://www.washingtonpost.com/wp-dyn/rss/linkset/2005/03/24/LI2005032401272.xml,338,syndicated,2
washingtonpost.com - In Congress,http://feeds.washingtonpost.com/wp-dyn/rss/politics/congress/index_xml,339,syndicated,2
washingtonpost.com - In The Loop,http://feeds.washingtonpost.com/wp-dyn/rss/politics/fedpage/index_xml,340,syndicated,2
washingtonpost.com - Industries,http://feeds.washingtonpost.com/wp-dyn/rss/business/industries/index_xml,341,syndicated,2
washingtonpost.com - Intelligence,http://www.washingtonpost.com/wp-dyn/rss/linkset/2005/03/24/LI2005032400143.xml,342,syndicated,2
washingtonpost.com - Iraq -- Washington Post Continuing Coverage,http://feeds.washingtonpost.com/wp-dyn/rss/world/mideast/iraq/index_xml,343,syndicated,2
washingtonpost.com - Jackson Diehl (washingtonpost.com),http://feeds.washingtonpost.com/wp-dyn/rss/linkset/2005/03/24/LI2005032401551_xml,344,syndicated,2
washingtonpost.com - Jay Mathews: Class Struggle,http://www.washingtonpost.com/wp-dyn/rss/linkset/2005/03/24/LI2005032400611.xml,345,syndicated,2
washingtonpost.com - Jim Hoagland (washingtonpost.com),http://feeds.washingtonpost.com/wp-dyn/rss/linkset/2005/03/24/LI2005032401628_xml,346,syndicated,2
washingtonpost.com - Jonathan Yardley,http://feeds.washingtonpost.com/wp-dyn/rss/linkset/2005/03/25/LI2005032502370_xml,347,syndicated,2
washingtonpost.com - Judy Sarasohn -- Washington Post's Special Interests Column (washingtonpost.com),http://feeds.washingtonpost.com/wp-dyn/rss/linkset/2005/03/24/LI2005032402430_xml,348,syndicated,2
washingtonpost.com - Lean Plate Club from washingtonpost.com ,http://feeds.washingtonpost.com/wp-dyn/rss/linkset/2005/03/25/LI2005032500803_xml,349,syndicated,2
washingtonpost.com - Les Carpenter (washingtonpost.com),http://feeds.washingtonpost.com/wp-dyn/rss/linkset/2005/04/20/LI2005042001235_xml,350,syndicated,2
washingtonpost.com - Letters to the Editor,http://www.washingtonpost.com/wp-dyn/rss/linkset/2005/03/24/LI2005032402345.xml,351,syndicated,2
washingtonpost.com - Life At Work (washingtonpost.com),http://feeds.washingtonpost.com/wp-dyn/rss/linkset/2005/03/24/LI2005032401086_xml,352,syndicated,2
washingtonpost.com - Life at Work,http://feeds.washingtonpost.com/wp-dyn/rss/linkset/2005/03/24/LI2005032400077_xml,353,syndicated,2
washingtonpost.com - Lottery,http://feeds.washingtonpost.com/wp-dyn/rss/metro/lottery/index_xml,354,syndicated,2
washingtonpost.com - MLB,http://feeds.washingtonpost.com/wp-dyn/rss/sports/index/mlb/index_xml,355,syndicated,2
washingtonpost.com - MLS,http://feeds.washingtonpost.com/wp-dyn/rss/sports/index/mls/index_xml,356,syndicated,2
washingtonpost.com - Marc Fisher (washingtonpost.com),http://www.washingtonpost.com/wp-dyn/rss/linkset/2005/03/24/LI2005032401598.xml,357,syndicated,2
washingtonpost.com - Marcela Sanchez: Desde Washington,http://feeds.washingtonpost.com/wp-dyn/rss/linkset/2005/03/24/LI2005032402888_xml,358,syndicated,2
washingtonpost.com - Mark Maske (washingtonpost.com),http://www.washingtonpost.com/wp-dyn/rss/linkset/2005/04/22/LI2005042201154.xml,359,syndicated,2
washingtonpost.com - Mark Maske's NFL Insider,http://feeds.washingtonpost.com/wp-dyn/rss/linkset/2005/04/24/LI2005042401471_xml,360,syndicated,2
washingtonpost.com - Maryland,http://feeds.washingtonpost.com/wp-dyn/rss/metro/md/index_xml,361,syndicated,2
washingtonpost.com - Media Notes Extra,http://www.washingtonpost.com/wp-dyn/rss/linkset/2005/03/24/LI2005032401283.xml,362,syndicated,2
washingtonpost.com - Metro,http://feeds.washingtonpost.com/wp-dyn/rss/metro/index_xml,363,syndicated,2
washingtonpost.com - Metro Business,http://feeds.washingtonpost.com/wp-dyn/rss/business/localbusiness/index_xml,364,syndicated,2
washingtonpost.com - Michael Gerson -- Washington Post Opinion Columnist (washingtonpost.com),http://www.washingtonpost.com/wp-dyn/rss/linkset/2007/05/30/LI2007053001159.xml,365,syndicated,2
washingtonpost.com - Michael Kinsley (washingtonpost.com),http://feeds.washingtonpost.com/wp-dyn/rss/linkset/2005/03/24/LI2005032401687_xml,366,syndicated,2
washingtonpost.com - Michael Wilbon (washingtonpost.com),http://www.washingtonpost.com/wp-dyn/rss/linkset/2005/03/24/LI2005032400073.xml,367,syndicated,2
washingtonpost.com - Middle East,http://feeds.washingtonpost.com/wp-dyn/rss/world/mideast/index_xml,368,syndicated,2
